scenario,spacecraft_id,timestamp,sample,elapsed_seconds,channel_id,subsystem,unit,value,status,quality,seed
nominal-orbit-daylight,tf-sat-01,2026-04-30T16:00:00Z,0,0,eps.battery_voltage,eps,V,30.63,nominal,valid,4242
nominal-orbit-daylight,tf-sat-01,2026-04-30T16:00:00Z,0,0,eps.solar_array_current,eps,A,8.44,nominal,valid,4242
nominal-orbit-daylight,tf-sat-01,2026-04-30T16:00:00Z,0,0,thermal.avionics_temp,thermal,degC,24.7,nominal,valid,4242
nominal-orbit-daylight,tf-sat-01,2026-04-30T16:00:00Z,0,0,thermal.radiator_temp,thermal,degC,-10.0,nominal,valid,4242
nominal-orbit-daylight,tf-sat-01,2026-04-30T16:00:00Z,0,0,adcs.reaction_wheel_x_rpm,adcs,rpm,-227.0,nominal,valid,4242
nominal-orbit-daylight,tf-sat-01,2026-04-30T16:00:00Z,0,0,adcs.bus_quaternion_error_deg,adcs,deg,0.156,nominal,valid,4242
nominal-orbit-daylight,tf-sat-01,2026-04-30T16:00:00Z,0,0,comms.downlink_snr_db,comms,dB,11.5,nominal,valid,4242
nominal-orbit-daylight,tf-sat-01,2026-04-30T16:00:00Z,0,0,comms.packet_error_rate_pct,comms,pct,0.17,nominal,valid,4242
nominal-orbit-daylight,tf-sat-01,2026-04-30T16:00:00Z,0,0,prop.tank_pressure_kpa,prop,kPa,2112.5,nominal,valid,4242
nominal-orbit-daylight,tf-sat-01,2026-04-30T16:00:00Z,0,0,payload.imager_temp,payload,degC,18.3,nominal,valid,4242
nominal-orbit-daylight,tf-sat-01,2026-04-30T16:00:10Z,1,10,eps.battery_voltage,eps,V,30.47,nominal,valid,4242
nominal-orbit-daylight,tf-sat-01,2026-04-30T16:00:10Z,1,10,eps.solar_array_current,eps,A,7.88,nominal,valid,4242
nominal-orbit-daylight,tf-sat-01,2026-04-30T16:00:10Z,1,10,thermal.avionics_temp,thermal,degC,27.6,nominal,valid,4242
nominal-orbit-daylight,tf-sat-01,2026-04-30T16:00:10Z,1,10,thermal.radiator_temp,thermal,degC,-7.2,nominal,valid,4242
nominal-orbit-daylight,tf-sat-01,2026-04-30T16:00:10Z,1,10,adcs.reaction_wheel_x_rpm,adcs,rpm,165.0,nominal,valid,4242
nominal-orbit-daylight,tf-sat-01,2026-04-30T16:00:10Z,1,10,adcs.bus_quaternion_error_deg,adcs,deg,0.159,nominal,valid,4242
nominal-orbit-daylight,tf-sat-01,2026-04-30T16:00:10Z,1,10,comms.downlink_snr_db,comms,dB,12.2,nominal,valid,4242
nominal-orbit-daylight,tf-sat-01,2026-04-30T16:00:10Z,1,10,comms.packet_error_rate_pct,comms,pct,0.12,nominal,valid,4242
nominal-orbit-daylight,tf-sat-01,2026-04-30T16:00:10Z,1,10,prop.tank_pressure_kpa,prop,kPa,2100.5,nominal,valid,4242
nominal-orbit-daylight,tf-sat-01,2026-04-30T16:00:10Z,1,10,payload.imager_temp,payload,degC,18.0,nominal,valid,4242
nominal-orbit-daylight,tf-sat-01,2026-04-30T16:00:20Z,2,20,eps.battery_voltage,eps,V,30.05,nominal,valid,4242
nominal-orbit-daylight,tf-sat-01,2026-04-30T16:00:20Z,2,20,eps.solar_array_current,eps,A,7.64,nominal,valid,4242
nominal-orbit-daylight,tf-sat-01,2026-04-30T16:00:20Z,2,20,thermal.avionics_temp,thermal,degC,30.1,nominal,valid,4242
nominal-orbit-daylight,tf-sat-01,2026-04-30T16:00:20Z,2,20,thermal.radiator_temp,thermal,degC,-2.8,nominal,valid,4242
nominal-orbit-daylight,tf-sat-01,2026-04-30T16:00:20Z,2,20,adcs.reaction_wheel_x_rpm,adcs,rpm,685.0,nominal,valid,4242
nominal-orbit-daylight,tf-sat-01,2026-04-30T16:00:20Z,2,20,adcs.bus_quaternion_error_deg,adcs,deg,0.154,nominal,valid,4242
nominal-orbit-daylight,tf-sat-01,2026-04-30T16:00:20Z,2,20,comms.downlink_snr_db,comms,dB,13.4,nominal,valid,4242
nominal-orbit-daylight,tf-sat-01,2026-04-30T16:00:20Z,2,20,comms.packet_error_rate_pct,comms,pct,0.12,nominal,valid,4242
nominal-orbit-daylight,tf-sat-01,2026-04-30T16:00:20Z,2,20,prop.tank_pressure_kpa,prop,kPa,2074.2,nominal,valid,4242
nominal-orbit-daylight,tf-sat-01,2026-04-30T16:00:20Z,2,20,payload.imager_temp,payload,degC,16.4,nominal,valid,4242
nominal-orbit-daylight,tf-sat-01,2026-04-30T16:00:30Z,3,30,eps.battery_voltage,eps,V,29.65,nominal,valid,4242
nominal-orbit-daylight,tf-sat-01,2026-04-30T16:00:30Z,3,30,eps.solar_array_current,eps,A,7.46,nominal,valid,4242
nominal-orbit-daylight,tf-sat-01,2026-04-30T16:00:30Z,3,30,thermal.avionics_temp,thermal,degC,32.7,nominal,valid,4242
nominal-orbit-daylight,tf-sat-01,2026-04-30T16:00:30Z,3,30,thermal.radiator_temp,thermal,degC,0.6,nominal,valid,4242
nominal-orbit-daylight,tf-sat-01,2026-04-30T16:00:30Z,3,30,adcs.reaction_wheel_x_rpm,adcs,rpm,1062.0,nominal,valid,4242
nominal-orbit-daylight,tf-sat-01,2026-04-30T16:00:30Z,3,30,adcs.bus_quaternion_error_deg,adcs,deg,0.136,nominal,valid,4242
nominal-orbit-daylight,tf-sat-01,2026-04-30T16:00:30Z,3,30,comms.downlink_snr_db,comms,dB,14.7,nominal,valid,4242
nominal-orbit-daylight,tf-sat-01,2026-04-30T16:00:30Z,3,30,comms.packet_error_rate_pct,comms,pct,0.13,nominal,valid,4242
nominal-orbit-daylight,tf-sat-01,2026-04-30T16:00:30Z,3,30,prop.tank_pressure_kpa,prop,kPa,2043.1,nominal,valid,4242
nominal-orbit-daylight,tf-sat-01,2026-04-30T16:00:30Z,3,30,payload.imager_temp,payload,degC,14.3,nominal,valid,4242
nominal-orbit-daylight,tf-sat-01,2026-04-30T16:00:40Z,4,40,eps.battery_voltage,eps,V,29.18,nominal,valid,4242
nominal-orbit-daylight,tf-sat-01,2026-04-30T16:00:40Z,4,40,eps.solar_array_current,eps,A,7.52,nominal,valid,4242
nominal-orbit-daylight,tf-sat-01,2026-04-30T16:00:40Z,4,40,thermal.avionics_temp,thermal,degC,35.3,nominal,valid,4242
nominal-orbit-daylight,tf-sat-01,2026-04-30T16:00:40Z,4,40,thermal.radiator_temp,thermal,degC,4.7,nominal,valid,4242
nominal-orbit-daylight,tf-sat-01,2026-04-30T16:00:40Z,4,40,adcs.reaction_wheel_x_rpm,adcs,rpm,1270.0,nominal,valid,4242
nominal-orbit-daylight,tf-sat-01,2026-04-30T16:00:40Z,4,40,adcs.bus_quaternion_error_deg,adcs,deg,0.114,nominal,valid,4242
nominal-orbit-daylight,tf-sat-01,2026-04-30T16:00:40Z,4,40,comms.downlink_snr_db,comms,dB,15.4,nominal,valid,4242
nominal-orbit-daylight,tf-sat-01,2026-04-30T16:00:40Z,4,40,comms.packet_error_rate_pct,comms,pct,0.16,nominal,valid,4242
nominal-orbit-daylight,tf-sat-01,2026-04-30T16:00:40Z,4,40,prop.tank_pressure_kpa,prop,kPa,1987.4,nominal,valid,4242
nominal-orbit-daylight,tf-sat-01,2026-04-30T16:00:40Z,4,40,payload.imager_temp,payload,degC,9.8,nominal,valid,4242
nominal-orbit-daylight,tf-sat-01,2026-04-30T16:00:50Z,5,50,eps.battery_voltage,eps,V,28.99,nominal,valid,4242
nominal-orbit-daylight,tf-sat-01,2026-04-30T16:00:50Z,5,50,eps.solar_array_current,eps,A,7.67,nominal,valid,4242
nominal-orbit-daylight,tf-sat-01,2026-04-30T16:00:50Z,5,50,thermal.avionics_temp,thermal,degC,37.1,nominal,valid,4242
nominal-orbit-daylight,tf-sat-01,2026-04-30T16:00:50Z,5,50,thermal.radiator_temp,thermal,degC,6.2,nominal,valid,4242
nominal-orbit-daylight,tf-sat-01,2026-04-30T16:00:50Z,5,50,adcs.reaction_wheel_x_rpm,adcs,rpm,1141.0,nominal,valid,4242
nominal-orbit-daylight,tf-sat-01,2026-04-30T16:00:50Z,5,50,adcs.bus_quaternion_error_deg,adcs,deg,0.083,nominal,valid,4242
nominal-orbit-daylight,tf-sat-01,2026-04-30T16:00:50Z,5,50,comms.downlink_snr_db,comms,dB,15.8,nominal,valid,4242
nominal-orbit-daylight,tf-sat-01,2026-04-30T16:00:50Z,5,50,comms.packet_error_rate_pct,comms,pct,0.23,nominal,valid,4242
nominal-orbit-daylight,tf-sat-01,2026-04-30T16:00:50Z,5,50,prop.tank_pressure_kpa,prop,kPa,1937.7,nominal,valid,4242
nominal-orbit-daylight,tf-sat-01,2026-04-30T16:00:50Z,5,50,payload.imager_temp,payload,degC,6.7,nominal,valid,4242
nominal-orbit-daylight,tf-sat-01,2026-04-30T16:01:00Z,6,60,eps.battery_voltage,eps,V,28.76,nominal,valid,4242
nominal-orbit-daylight,tf-sat-01,2026-04-30T16:01:00Z,6,60,eps.solar_array_current,eps,A,8.18,nominal,valid,4242
nominal-orbit-daylight,tf-sat-01,2026-04-30T16:01:00Z,6,60,thermal.avionics_temp,thermal,degC,36.4,nominal,valid,4242
nominal-orbit-daylight,tf-sat-01,2026-04-30T16:01:00Z,6,60,thermal.radiator_temp,thermal,degC,6.9,nominal,valid,4242
nominal-orbit-daylight,tf-sat-01,2026-04-30T16:01:00Z,6,60,adcs.reaction_wheel_x_rpm,adcs,rpm,818.0,nominal,valid,4242
nominal-orbit-daylight,tf-sat-01,2026-04-30T16:01:00Z,6,60,adcs.bus_quaternion_error_deg,adcs,deg,0.063,nominal,valid,4242
nominal-orbit-daylight,tf-sat-01,2026-04-30T16:01:00Z,6,60,comms.downlink_snr_db,comms,dB,15.9,nominal,valid,4242
nominal-orbit-daylight,tf-sat-01,2026-04-30T16:01:00Z,6,60,comms.packet_error_rate_pct,comms,pct,0.29,nominal,valid,4242
nominal-orbit-daylight,tf-sat-01,2026-04-30T16:01:00Z,6,60,prop.tank_pressure_kpa,prop,kPa,1899.1,nominal,valid,4242
nominal-orbit-daylight,tf-sat-01,2026-04-30T16:01:00Z,6,60,payload.imager_temp,payload,degC,4.1,nominal,valid,4242
nominal-orbit-daylight,tf-sat-01,2026-04-30T16:01:10Z,7,70,eps.battery_voltage,eps,V,28.87,nominal,valid,4242
nominal-orbit-daylight,tf-sat-01,2026-04-30T16:01:10Z,7,70,eps.solar_array_current,eps,A,8.57,nominal,valid,4242
nominal-orbit-daylight,tf-sat-01,2026-04-30T16:01:10Z,7,70,thermal.avionics_temp,thermal,degC,35.3,nominal,valid,4242
nominal-orbit-daylight,tf-sat-01,2026-04-30T16:01:10Z,7,70,thermal.radiator_temp,thermal,degC,6.1,nominal,valid,4242
nominal-orbit-daylight,tf-sat-01,2026-04-30T16:01:10Z,7,70,adcs.reaction_wheel_x_rpm,adcs,rpm,384.0,nominal,valid,4242
nominal-orbit-daylight,tf-sat-01,2026-04-30T16:01:10Z,7,70,adcs.bus_quaternion_error_deg,adcs,deg,0.048,nominal,valid,4242
nominal-orbit-daylight,tf-sat-01,2026-04-30T16:01:10Z,7,70,comms.downlink_snr_db,comms,dB,15.7,nominal,valid,4242
nominal-orbit-daylight,tf-sat-01,2026-04-30T16:01:10Z,7,70,comms.packet_error_rate_pct,comms,pct,0.33,nominal,valid,4242
nominal-orbit-daylight,tf-sat-01,2026-04-30T16:01:10Z,7,70,prop.tank_pressure_kpa,prop,kPa,1895.8,nominal,valid,4242
nominal-orbit-daylight,tf-sat-01,2026-04-30T16:01:10Z,7,70,payload.imager_temp,payload,degC,1.5,nominal,valid,4242
nominal-orbit-daylight,tf-sat-01,2026-04-30T16:01:20Z,8,80,eps.battery_voltage,eps,V,29.1,nominal,valid,4242
nominal-orbit-daylight,tf-sat-01,2026-04-30T16:01:20Z,8,80,eps.solar_array_current,eps,A,9.04,nominal,valid,4242
nominal-orbit-daylight,tf-sat-01,2026-04-30T16:01:20Z,8,80,thermal.avionics_temp,thermal,degC,32.9,nominal,valid,4242
nominal-orbit-daylight,tf-sat-01,2026-04-30T16:01:20Z,8,80,thermal.radiator_temp,thermal,degC,2.2,nominal,valid,4242
nominal-orbit-daylight,tf-sat-01,2026-04-30T16:01:20Z,8,80,adcs.reaction_wheel_x_rpm,adcs,rpm,-285.0,nominal,valid,4242
nominal-orbit-daylight,tf-sat-01,2026-04-30T16:01:20Z,8,80,adcs.bus_quaternion_error_deg,adcs,deg,0.04,nominal,valid,4242
nominal-orbit-daylight,tf-sat-01,2026-04-30T16:01:20Z,8,80,comms.downlink_snr_db,comms,dB,14.6,nominal,valid,4242
nominal-orbit-daylight,tf-sat-01,2026-04-30T16:01:20Z,8,80,comms.packet_error_rate_pct,comms,pct,0.37,nominal,valid,4242
nominal-orbit-daylight,tf-sat-01,2026-04-30T16:01:20Z,8,80,prop.tank_pressure_kpa,prop,kPa,1897.8,nominal,valid,4242
nominal-orbit-daylight,tf-sat-01,2026-04-30T16:01:20Z,8,80,payload.imager_temp,payload,degC,1.2,nominal,valid,4242
nominal-orbit-daylight,tf-sat-01,2026-04-30T16:01:30Z,9,90,eps.battery_voltage,eps,V,29.35,nominal,valid,4242
nominal-orbit-daylight,tf-sat-01,2026-04-30T16:01:30Z,9,90,eps.solar_array_current,eps,A,9.5,nominal,valid,4242
nominal-orbit-daylight,tf-sat-01,2026-04-30T16:01:30Z,9,90,thermal.avionics_temp,thermal,degC,29.9,nominal,valid,4242
nominal-orbit-daylight,tf-sat-01,2026-04-30T16:01:30Z,9,90,thermal.radiator_temp,thermal,degC,-2.4,nominal,valid,4242
nominal-orbit-daylight,tf-sat-01,2026-04-30T16:01:30Z,9,90,adcs.reaction_wheel_x_rpm,adcs,rpm,-698.0,nominal,valid,4242
nominal-orbit-daylight,tf-sat-01,2026-04-30T16:01:30Z,9,90,adcs.bus_quaternion_error_deg,adcs,deg,0.047,nominal,valid,4242
nominal-orbit-daylight,tf-sat-01,2026-04-30T16:01:30Z,9,90,comms.downlink_snr_db,comms,dB,13.6,nominal,valid,4242
nominal-orbit-daylight,tf-sat-01,2026-04-30T16:01:30Z,9,90,comms.packet_error_rate_pct,comms,pct,0.39,nominal,valid,4242
nominal-orbit-daylight,tf-sat-01,2026-04-30T16:01:30Z,9,90,prop.tank_pressure_kpa,prop,kPa,1924.2,nominal,valid,4242
nominal-orbit-daylight,tf-sat-01,2026-04-30T16:01:30Z,9,90,payload.imager_temp,payload,degC,3.2,nominal,valid,4242
nominal-orbit-daylight,tf-sat-01,2026-04-30T16:01:40Z,10,100,eps.battery_voltage,eps,V,29.84,nominal,valid,4242
nominal-orbit-daylight,tf-sat-01,2026-04-30T16:01:40Z,10,100,eps.solar_array_current,eps,A,9.57,nominal,valid,4242
nominal-orbit-daylight,tf-sat-01,2026-04-30T16:01:40Z,10,100,thermal.avionics_temp,thermal,degC,26.4,nominal,valid,4242
nominal-orbit-daylight,tf-sat-01,2026-04-30T16:01:40Z,10,100,thermal.radiator_temp,thermal,degC,-6.3,nominal,valid,4242
nominal-orbit-daylight,tf-sat-01,2026-04-30T16:01:40Z,10,100,adcs.reaction_wheel_x_rpm,adcs,rpm,-1165.0,nominal,valid,4242
nominal-orbit-daylight,tf-sat-01,2026-04-30T16:01:40Z,10,100,adcs.bus_quaternion_error_deg,adcs,deg,0.066,nominal,valid,4242
nominal-orbit-daylight,tf-sat-01,2026-04-30T16:01:40Z,10,100,comms.downlink_snr_db,comms,dB,12.5,nominal,valid,4242
nominal-orbit-daylight,tf-sat-01,2026-04-30T16:01:40Z,10,100,comms.packet_error_rate_pct,comms,pct,0.37,nominal,valid,4242
nominal-orbit-daylight,tf-sat-01,2026-04-30T16:01:40Z,10,100,prop.tank_pressure_kpa,prop,kPa,1953.4,nominal,valid,4242
nominal-orbit-daylight,tf-sat-01,2026-04-30T16:01:40Z,10,100,payload.imager_temp,payload,degC,6.7,nominal,valid,4242
nominal-orbit-daylight,tf-sat-01,2026-04-30T16:01:50Z,11,110,eps.battery_voltage,eps,V,30.32,nominal,valid,4242
nominal-orbit-daylight,tf-sat-01,2026-04-30T16:01:50Z,11,110,eps.solar_array_current,eps,A,9.6,nominal,valid,4242
nominal-orbit-daylight,tf-sat-01,2026-04-30T16:01:50Z,11,110,thermal.avionics_temp,thermal,degC,24.1,nominal,valid,4242
nominal-orbit-daylight,tf-sat-01,2026-04-30T16:01:50Z,11,110,thermal.radiator_temp,thermal,degC,-9.0,nominal,valid,4242
nominal-orbit-daylight,tf-sat-01,2026-04-30T16:01:50Z,11,110,adcs.reaction_wheel_x_rpm,adcs,rpm,-1158.0,nominal,valid,4242
nominal-orbit-daylight,tf-sat-01,2026-04-30T16:01:50Z,11,110,adcs.bus_quaternion_error_deg,adcs,deg,0.088,nominal,valid,4242
nominal-orbit-daylight,tf-sat-01,2026-04-30T16:01:50Z,11,110,comms.downlink_snr_db,comms,dB,11.6,nominal,valid,4242
nominal-orbit-daylight,tf-sat-01,2026-04-30T16:01:50Z,11,110,comms.packet_error_rate_pct,comms,pct,0.33,nominal,valid,4242
nominal-orbit-daylight,tf-sat-01,2026-04-30T16:01:50Z,11,110,prop.tank_pressure_kpa,prop,kPa,2018.5,nominal,valid,4242
nominal-orbit-daylight,tf-sat-01,2026-04-30T16:01:50Z,11,110,payload.imager_temp,payload,degC,10.0,nominal,valid,4242
